<?xml version="1.0" encoding="UTF-8"?>
<!DOCTYPE hibernate-configuration PUBLIC
"-//Hibernate/Hibernate Configuration DTD 3.0//EN"
"http://www.hibernate.org/dtd/hibernate-configuration-3.0.dtd">
<hibernate-configuration>
	<session-factory>
		<!-- 1. SQL方言與提供連結資料庫所需資訊(透過JNDI API來連結)之設定方式 -->
		<!-- SQL方言，設定是SQLServer2012 -->
		<property name="hibernate.dialect">org.hibernate.dialect.SQLServer2012Dialect</property>
		<!-- 2. 其他與資料存取有關的設定 -->
		<!-- 自動產生資料庫的Schema -->
		<property name="hbm2ddl.auto">update</property>
		<!-- 顯示實際操作資料庫時的SQL -->
		<property name="show_sql">true</property>
		<!-- 將顯示的SQL排版，方便觀看 -->
		<property name="format_sql">true</property>

		<!-- 定義程式交易管理的類型，本範例使用JDBC Transaction -->
		<!-- <property name = "transaction.factory_class">org.hibernate.transaction.JDBCTransactionFactory</property> -->
		<property name="hibernate.transaction.coordinator_class">jdbc</property>
		<!-- hibernate 相關效能設定 -->
		<property name="hibernate.bytecode.use_reflection_optimizer">false</property>
		<property name="connection_pool_size">8</property>
		
		<!-- 3. 宣告程式使用的永續類別 -->
		<!-- 第1章 -->

		
	</session-factory>
</hibernate-configuration>